{"train/acc":0.984779299847793,"test/acc":0.9417989417989417,"val/f1":0.8985507246376812,"train/f1":0.9801980198019802,"epoch":30,"val/loss":0.36332022460798424,"test/f1":0.9241379310344827,"val/acc":0.9253333333333333,"test/confusion":{"format":"png","width":400,"height":400,"_type":"image-file","sha256":"d7a8a4c38be29af376b094aed2fe18a944d9cc8e11e88220ceb8cc4bc035e15e","size":14444,"path":"media/images/test/confusion_30_d7a8a4c38be29af376b0.png"},"_step":30,"_runtime":50.1362891,"train/loss":0.16420614746320678,"_wandb":{"runtime":50},"lr":1.25e-05,"_timestamp":1.7661379891862102e+09}