{"test/f1":0.8405797101449275,"epoch":10,"val/f1":0.8083623693379791,"_timestamp":1.7661370524217658e+09,"_runtime":20.922895,"_step":10,"_wandb":{"runtime":20},"lr":0.0001,"train/loss":0.19869434135595718}