{"train/acc":0.941400304414003,"val/loss":0.3012516713157917,"test/acc":0.9312169312169312,"_wandb":{"runtime":22},"lr":0.0001,"_step":11,"epoch":11,"_runtime":22.5877697,"train/loss":0.18627395480310163,"test/f1":0.9103448275862069,"val/acc":0.9333333333333333,"train/f1":0.9235352532274081,"val/f1":0.9056603773584906,"_timestamp":1.766137363303889e+09}