{"val/acc":0.92,"epoch":30,"_timestamp":1.7661385823685293e+09,"train/f1":0.9161676646706587,"val/f1":0.8928571428571429,"train/acc":0.9360730593607306,"test/f1":0.896551724137931,"latency_ms":0.28552327837262836,"fps":3502.3414052248595,"_step":31,"train/loss":0.19113032957426754,"val/confusion":{"format":"png","width":400,"height":400,"_type":"image-file","sha256":"ad350d35fe9f242af2036e6d1165b9a310deb77d0946d1b503028f9b20031810","size":17664,"path":"media/images/val/confusion_30_ad350d35fe9f242af203.png"},"test/acc":0.9206349206349206,"_runtime":37.7302845,"val/loss":0.2053420670563355,"_wandb":{"runtime":37},"test/confusion":{"sha256":"9eb1a4a273f34b9c1b74bdf0321b6f966068d271e121798cc2350d2a5852aac9","size":14818,"path":"media/images/test/confusion_31_9eb1a4a273f34b9c1b74.png","format":"png","width":400,"height":400,"_type":"image-file"}}