{"latency_ms":0.10315231654954993,"val/loss":0.362469016884764,"val/acc":0.896,"test/acc":0.9470899470899471,"_wandb":{"runtime":31},"train/loss":0.16376866603137127,"test/f1":0.935064935064935,"_runtime":31.5744521,"epoch":30,"_step":30,"_timestamp":1.7661319911299691e+09,"train/acc":0.9429223744292238,"train/f1":0.9258160237388724,"fps":9694.401768666467,"val/f1":0.8395061728395061}