{"_wandb":{"runtime":47},"epoch":30,"val/f1":0.5119047619047619,"_timestamp":1.7661364716009405e+09,"_runtime":47.2613706,"_step":30,"test/f1":0.8671328671328671}