{"epoch":30,"val/f1":0.5493230174081238,"_timestamp":1.7661360821301217e+09,"_runtime":47.4243589,"_step":30,"test/f1":0.6102941176470589,"_wandb":{"runtime":47}}