{"val/confusion":{"width":400,"height":400,"_type":"image-file","sha256":"e5218439512bf3f6cbc058f44e71ee7430060c8250ec5f99239f800683783398","size":17510,"path":"media/images/val/confusion_30_e5218439512bf3f6cbc0.png","format":"png"},"val/f1":0.9383561643835616,"train/loss":0.12339705939079265,"val/loss":0.1636497856428226,"test/confusion":{"width":400,"height":400,"_type":"image-file","sha256":"6b6746ed0ecf7f9e083fb924eb9cae82d708115eb85d2cc7adf30fb57e620626","size":14578,"path":"media/images/test/confusion_31_6b6746ed0ecf7f9e083f.png","format":"png"},"latency_ms":0.2865791320800781,"_wandb":{"runtime":44},"epoch":30,"_runtime":44.8132047,"test/acc":0.9259259259259259,"train/f1":0.9442231075697212,"_step":31,"_timestamp":1.7661387678377666e+09,"val/acc":0.952,"test/f1":0.8955223880597015,"fps":3489.4376039933445,"train/acc":0.9573820395738204}