{"lr":0.00015,"_runtime":98.5399639,"_timestamp":1.7672530356349778e+09,"train/acc":0.9498502994011976,"val/acc":0.926509186351706,"val/loss":0.24145172350108624,"_wandb":{"runtime":98},"val/f1":0.9078947368421053,"test/confusion":{"_type":"image-file","sha256":"bdf74a6ab6db50daeb9da20fb9b2654de4d37618e474f82e371312a8b208aa6d","size":14669,"path":"media/images/test/confusion_30_bdf74a6ab6db50daeb9d.png","format":"png","width":400,"height":400},"epoch":30,"test/f1":0.9117647058823529,"_step":30,"train/loss":0.17602701487928807,"test/acc":0.9375,"train/f1":0.93488824101069}