{"_step":18,"_wandb":{"runtime":30},"train/loss":0.34130494799240524,"epoch":18,"val/f1":0.8732394366197183,"lr":5e-05,"test/f1":0.8529411764705882,"_timestamp":1.7661366151625862e+09,"_runtime":30.3715205}