{"train/f1":0.9572139303482587,"train/loss":0.0940916263484507,"_timestamp":1.766131865730711e+09,"test/f1":0.8571428571428571,"val/loss":0.21348448602172235,"latency_ms":0.1330893972645635,"val/f1":0.9205298013245033,"_wandb":{"runtime":26},"train/acc":0.967275494672755,"_runtime":26.8033702,"fps":7513.746553469897,"val/acc":0.936,"epoch":30,"test/acc":0.8835978835978836,"_step":30}