{"val/acc":0.928,"latency_ms":0.09016368700110394,"train/acc":0.9550989345509894,"val/loss":0.29728026563922566,"epoch":30,"val/f1":0.8996282527881041,"_runtime":28.221592,"train/f1":0.9433237271853987,"_wandb":{"runtime":28},"_step":30,"_timestamp":1.766131405125272e+09,"train/loss":0.11987289440418993,"test/acc":0.9470899470899471,"fps":11090.939526327891,"test/f1":0.9206349206349206}