{"_timestamp":1.766137794830615e+09,"train/f1":0.9805068226120858,"test/acc":0.9047619047619048,"test/f1":0.8656716417910447,"val/loss":0.2765310372536381,"_wandb":{"runtime":51},"test/confusion":{"format":"png","width":400,"height":400,"_type":"image-file","sha256":"0ce515b07bcbb1c1ec3bb32eb2ac8dbf43c824d82d54bd13d7ba1257761a143d","size":14837,"path":"media/images/test/confusion_30_0ce515b07bcbb1c1ec3b.png"},"lr":2.5e-05,"epoch":30,"train/acc":0.984779299847793,"val/f1":0.931899641577061,"_step":30,"val/acc":0.9493333333333334,"train/loss":0.16207604684743537,"_runtime":51.316141}