{"test/confusion":{"width":400,"height":400,"_type":"image-file","sha256":"9c07b522c4e0aa530687d5c214e417ef35dbd802c574842295ccaf90e9b7bdad","size":14619,"path":"media/images/test/confusion_31_9c07b522c4e0aa530687.png","format":"png"},"train/loss":0.048198398161631816,"train/f1":0.981018981018981,"lr":2.5e-05,"val/loss":0.6368545047735097,"val/confusion":{"size":17413,"path":"media/images/val/confusion_30_f532fc65e3d464b44016.png","format":"png","width":400,"height":400,"_type":"image-file","sha256":"f532fc65e3d464b44016b644fdc88bc21c1f2729e0707499d3dc6d3333259d43"},"_step":31,"test/f1":0.8843537414965986,"_wandb":{"runtime":57},"_runtime":57.002459,"epoch":30,"val/acc":0.9146666666666666,"_timestamp":1.766137542103265e+09,"test/acc":0.91005291005291,"val/f1":0.891156462585034,"train/acc":0.9855403348554034}