{"train/f1":0.5678474114441416,"test/f1":0.5411764705882353,"latency_ms":0.08951062741486923,"fps":11171.8577880718,"_step":30,"train/loss":4.42150260848706e-10,"_timestamp":1.7661317384282472e+09,"val/loss":4.157640505024022e-10,"_runtime":26.9881718,"epoch":30,"val/f1":0.5059760956175299,"train/acc":0.3964992389649924,"test/acc":0.38095238095238093,"val/acc":0.33866666666666667,"_wandb":{"runtime":26}}