{"_wandb":{"runtime":52},"epoch":29,"val_f1":0,"_timestamp":1.7661349049260411e+09,"_runtime":52.6458292,"_step":29}