{"val/f1":0.864516129032258,"test/f1":0.8974358974358975,"train/acc":0.9326347305389222,"test/acc":0.9166666666666666,"test/confusion":{"format":"png","width":400,"height":400,"_type":"image-file","sha256":"ec9b27a143a5491f5bdf7683c7c6c622764ffa3e700f42960e8eac86bd42709d","size":14706,"path":"media/images/test/confusion_30_ec9b27a143a5491f5bdf.png"},"epoch":30,"lr":1.25e-05,"_timestamp":1.7672514054069574e+09,"_step":30,"_runtime":93.016234,"val/acc":0.889763779527559,"train/f1":0.9114173228346457,"train/loss":0.26588202498498414,"val/loss":0.4204037996629874,"_wandb":{"runtime":93}}