{"train/loss":0.06777714087845797,"_timestamp":1.7661312268852446e+09,"_wandb":{"runtime":32},"_step":29,"fps":11993.72048135351,"epoch":30,"val/f1":0.9285714285714286,"train/acc":0.978029294274301,"val/loss":0.28649794093022746,"_runtime":32.9771931,"train/f1":0.97117903930131,"latency_ms":0.08337696393330891,"val/acc":0.9414893617021277}